focus_paper,opp_paper,topic,title_focus,title_opp,summary
https://arxiv.org/pdf/2406.11709,https://arxiv.org/pdf/2310.10648,helping students fix their errors,"Instruct, Not Assist: LLM-based Multi-Turn Planning and Hierarchical Questioning for Socratic Code Debugging",Bridging the Novice-Expert Gap via Models of Decision-Making: A Case Study on Remediating Math Mistakes," **Comparative Summary**

**Similarities:**

1. **Educational Focus**: Both papers focus on improving educational outcomes through AI-powered solutions.
2. **Large Language Models (LLMs)**: Both papers utilize LLMs as a core component of their proposed solutions.
3. **Personalized Feedback**: Both papers aim to provide personalized feedback to students, albeit in different domains (code debugging and math remediation).

**Differences:**

1. **Domain**:
	* **Paper 1**: Focuses on **code debugging** for students, using Socratic questioning to guide them towards identifying and resolving errors.
	* **Paper 2**: Concentrates on **math remediation**, using a decision-making model to help novice tutors and LLMs provide effective feedback.
2. **Approach**:
	* **Paper 1**: Develops **TreeInstruct**, an LLM-based system that uses state space estimation and dynamic tree-based questioning for multi-turn Socratic instruction.
	* **Paper 2**: Introduces **Bridge**, a method leveraging cognitive task analysis to elicit expert thought processes, applied to remediation with LLMs.
3. **Evaluation**:
	* **Paper 1**: Evaluates TreeInstruct through extensive experiments on existing and newly constructed datasets, as well as real-world interactions with students.
	* **Paper 2**: Conducts a thorough human evaluation comparing expert, novice, and LLM performance in remediation, with a focus on the impact of expert decision-making processes.
4. **Key Contributions**:
	* **Paper 1**: Highlights the effectiveness of TreeInstruct in providing Socratic guidance, outperforming baselines, and its potential for universal application.
	* **Paper 2**: Emphasizes the improvement in LLM response quality when guided by expert decision-making processes, bridging the knowledge gap between novice tutors and experts.
5. **Target Audience**:
	* **Paper 1**: Primarily targets **students** in need of code debugging assistance, with implications for educators and AI system developers.
	* **Paper 2**: Focuses on **novice tutors** and **educational institutions** seeking to enhance math remediation capabilities with AI support. </Comparative Summary>"
https://arxiv.org/pdf/2305.10601,https://arxiv.org/pdf/2201.11903,enabling large language model reasoning via prompting,Tree of Thoughts: Deliberate Problem Solving with Large Language Models,Chain-of-Thought Prompting Elicits Reasoning in Large Language Models," 

**Fine-grained Comparative Summary**

**Similarities:**

1. **Problem Context**: Both papers focus on enhancing the problem-solving capabilities of Large Language Models (LLMs) by introducing novel prompting frameworks.
2. **Goal**: The primary objective of both papers is to improve the reasoning abilities of LLMs, enabling them to tackle complex tasks that require exploration, strategic lookahead, or deliberate decision-making.
3. **Methodological Inspiration**: Both papers draw inspiration from human cognition and problem-solving strategies, incorporating elements of deliberate reasoning and planning.

**Differences:**

1. **Approach**:
	* **Paper 1 (Tree of Thoughts)**: Introduces a more comprehensive framework that generalizes the Chain of Thought approach. It enables exploration over coherent units of text (""thoughts"") as intermediate steps, allowing for self-evaluation, lookahead, and backtracking.
	* **Paper 2 (Chain-of-Thought Prompting)**: Focuses on a specific prompting technique that provides a series of intermediate natural language reasoning steps (a ""chain of thought"") to lead to the final output, enhancing reasoning abilities in LLMs.
2. **Scope and Complexity**:
	* **Paper 1**: Addresses a broader range of tasks (Game of 24, Creative Writing, and Mini Crosswords) that require deductive, mathematical, commonsense, and lexical reasoning, showcasing the flexibility and generality of the Tree of Thoughts framework.
	* **Paper 2**: Primarily evaluates the effectiveness of Chain-of-Thought Prompting on arithmetic, commonsense, and symbolic reasoning benchmarks, with a notable focus on the GSM8K benchmark of math word problems.
3. **Implementation and Evaluation**:
	* **Paper 1**: Employs a more sophisticated evaluation setup, including systematic ablations to analyze the impact of different design choices on model performance. It also provides a code repository with all prompts.
	* **Paper 2**: Presents empirical evaluations comparing Chain-of-Thought Prompting to standard prompting, highlighting significant performance improvements, especially on the GSM8K benchmark.
4. **Theoretical Underpinnings**:
	* **Paper 1**: Draws more explicitly from the literature on human cognition (dual process models) and the history of artificial intelligence (planning processes), integrating these insights into the design of the Tree of Thoughts framework.
	* **Paper 2**: While also inspired by human reasoning strategies, focuses more on the technical aspect of leveraging few-shot prompting for enhancing LLM reasoning capabilities.

**Implications and Future Directions**:

* **Combining Approaches**: Future work could explore integrating the Tree of Thoughts framework with the Chain-of-Thought Prompting technique to potentially create an even more powerful problem-solving approach for LLMs.
* **Task Diversity**: Further research should aim to apply and evaluate these frameworks across an even broader spectrum of tasks to fully understand their generalizability and limitations.
* **Theoretical Foundations**: Deepening the understanding of how these frameworks align with or challenge existing theories of human cognition and problem-solving could provide valuable insights for future AI developments."
